Тон обращения,Длина обращения (предложения),Тип жалобы-обращения,Наличие грамматических ошибок,Отсутствие знаков препинания,Возраст,Пол,Уникальный айди обращения,Кол-во уникальных товаров в заказе,Список товаров в заказе,Количество каждого товара,Цена каждого товара,Общая стоимость товаров,Название проблемного продукта,Количество товара с проблемой,Обращение
злой,5,испорченный товар,False,True,34,женщина,Pc3MGo,1,['Чай'],[2],[1334],2668,['Чай'],1,"Здравствуйте, Яндекс Лавка! У меня возникла серьезная проблема с вашим товаром. Я заказал два чая, но один из них оказался испорченным. Уверен, что такое неприятное качество не соответствует вашим стандартам. Очень раздражает, что я оказался в такой ситуации. Прошу вас решить эту проблему немедленно! Жду ответа, и надеюсь, что вы сможете вернуть мне деньги за испорченный товар. Спасибо!"
обеспокоенный,4,привезли не все товары,True,True,25,мужчина,eJsv5O,1,['Томаты'],[3],[7983],23949,['Томаты'],2,"яндекс лавка!заказывал томаты, а привезли только 1. весь огорчённый, потому что нужно было 3. что делать? спасибо"
нейтральный,1,испорченный товар,True,True,21,женщина,PWqoDC,7,"['Томаты', 'Рыба', 'Огурцы', 'Хлеб', 'Молоко', 'Чай', 'Кофе']","[3, 2, 2, 2, 2, 2, 2]","[6317, 9234, 7767, 6948, 1708, 8452, 9519]",106207,['Чай'],1,"яндекс лавка, я заказал 2 чая, но 1 чай был испорченный. нужно вернуть деньги. спс"
в замешательстве,3,испорченный товар,True,True,38,женщина,Is309J,1,['Чай'],[4],[4158],16632,['Чай'],2,"яндекс лавка, я в замешательстве. испорченный товар! мне пришел чая 4, но два из них испорченные! что делать? помощь!"
обеспокоенный,15,привезли не все товары,True,True,36,женщина,9LN2hx,5,"['Молоко', 'Хлеб', 'Сок', 'Рыба', 'Курица']","[4, 2, 4, 3, 2]","[6194, 1602, 7636, 3492, 8603]",86206,['Курица'],2,"яндекс лавка, я обеспокоенный, не привезли курицу!!! вчера заказывал и до сих пор нету. что произошло??? вы где? заказываю у вас уже давно и никогда не было проблем. исправьте это немедленно!"
обеспокоенный,4,привезли не все товары,True,True,30,мужчина,fpob5y,2,"['Картофель', 'Огурцы']","[3, 3]","[4520, 9955]",43425,['Картофель'],2,"яндекс лавка привезла не все товары. очень обеспокоенный. заказывал 3 картофель, а привезли только 1. что делать?"
удивленный,3,испорченный товар,True,False,35,мужчина,zbzwPS,2,"['Хлеб', 'Томаты']","[4, 4]","[1959, 1513]",13888,['Хлеб'],3,"Добрый день!Я недавно сделал заказ в вашем магазине Яндекс Лавка и был удивлен обнаружить, что один из товаров, хлеб, испорченный. Я заказал 4 хлеба, но из них 3 оказались непригодными к употреблению. Я не понимаю, как такое могло произойти!Пожалуйста, примите меры, чтобы исправить эту ситуацию. Я ожидаю, что вы замените испорченный товар и доставите мне качественный хлеб. Спасибо! Жду скорого ответа!"
опасающийся,2,привезли не все товары,True,True,33,мужчина,xFQ7iT,1,['Хлеб'],[4],[4628],18512,['Хлеб'],3,"яндекс лавка, привезли не все хлеб. я опасающийся, что только один хлеб привезли, а заказывал 4 хлеба. мне нужно еще 3 хлеба. спасибо!"
уважительный,1,испорченный товар,False,False,40,женщина,FcXY86,2,"['Сок', 'Картофель']","[2, 4]","[5069, 4578]",28450,['Сок'],1,"Добрый день! Я обращаюсь к вам от имени двух клиентов Яндекс Лавки. У нас возникла проблема с одним из заказанных товаров - испорченный сок. Мы сделали заказ на два сока, но один из них пришел испорченным. Мы очень уважаем ваш сервис и хотели бы попросить вас помочь решить эту проблему. Будем благодарны за вашу помощь. С уважением, Ваши клиенты Яндекс Лавки."
в недоумении,5,привезли не все товары,True,True,32,женщина,Ov8ZaP,2,"['Хлеб', 'Молоко']","[4, 3]","[7173, 7752]",51948,['Молоко'],2,яндекc лавка привезла не все товары!!! заказывала 3 молоко но привезли только 1!!!! в недоумении почему так получилось???!!! я очень расстроена!!! нужно чтобы все товары были привезены!!!
уверенный,2,испорченный товар,False,True,36,мужчина,WqxbuI,3,"['Кофе', 'Рыба', 'Огурцы']","[4, 4, 2]","[4324, 8071, 1315]",52210,['Кофе'],3,"Добрый день, Яндекс Лавка! Хочу сообщить о проблеме с испорченным товаром. Я заказал 4 пакета кофе, но из них 3 оказались испорченными. Прошу принять меры и заменить испорченные товары. Благодарю за понимание!"
раздраженный,1,привезли не все товары,False,False,24,женщина,4G2p2y,6,"['Чай', 'Картофель', 'Рыба', 'Курица', 'Хлеб', 'Томаты']","[4, 3, 2, 4, 2, 3]","[7849, 7977, 2585, 6233, 2645, 8563]",116408,['Чай'],1,"Здравствуйте, Яндекс Лавка! Я раздражен, так как вы привезли не весь товар. Я заказал 4 пакета чая, но вы доставили только 3. Прошу вас исправить эту ситуацию и доставить оставшийся пакет чая как можно скорее. Спасибо!"
Позитивный,30,привезли не все товары,True,False,34,мужчина,6O9sbw,4,"['Кофе', 'Молоко', 'Томаты', 'Огурцы']","[3, 3, 3, 3]","[7949, 8983, 6140, 6195]",87801,['Огурцы'],3,"Добрый день, Яндекс Лавка! Я очень обрадовался, когда узнал, что смогу заказать огурцы у вас. Но, к сожалению, они так и не привезли. Хотелось бы верить, что это просто ошибка, и вы исправите ситуацию. Очень надеюсь, что огурцы вскоре появятся у меня дома. Благодарю за внимание и надеюсь на оперативный ответ от вас! С уважением, ваш клиент."
злой,1,"уточнение, где курьер",False,True,32,мужчина,1oVD3W,1,['Чай'],[3],[2355],7065,['Чай'],1,"Уважаемый отдел доставки,Хотелось бы уточнить, где находится мой заказанный товар. Курьер, обладающий информацией о доставке, пожалуйста, свяжитесь со мной. Спасибо."
злой,3,испорченный товар,True,True,19,женщина,ibfUP8,2,"['Сок', 'Курица']","[3, 3]","[1001, 5677]",20034,['Курица'],1,"яндекс лавка, я зла, дайте мне три куриц! курица, что я получил из моего последнего заказа, испорчена. хочу свои три курицы в нормальном состоянии! именно из-за этой курицы у меня испортился аппетит. не больше грамматических ошибок в обращении!"
злой,1,испорченный товар,True,True,39,женщина,FX0YBM,5,"['Картофель', 'Молоко', 'Рыба', 'Сок', 'Курица']","[3, 2, 4, 2, 2]","[1536, 7903, 5816, 8902, 8105]",77692,['Курица'],1,"яндекс лавка, у меня проблема с курицой. купил две курицы, а одна из них испортилась. это ужасно. что делать?"
в замешательстве,4,испорченный товар,True,True,28,мужчина,bZjAyH,2,"['Томаты', 'Сок']","[3, 3]","[8292, 1002]",27882,['Сок'],1,"Дорогая Яндекс Лавка,я совсем в замешательстве! Я заказал 3 пакета сока, но вместо этого получил испорченный товар. Такой неприятный сюрприз меня очень расстроил. Мне очень важно, чтобы мои заказы приходили в хорошем состоянии, поэтому прошу вас решить эту проблему.С уважением,Ваш клиент"
злой,1,привезли не все товары,True,False,18,женщина,xzkJLA,5,"['Хлеб', 'Молоко', 'Рыба', 'Картофель', 'Сок']","[4, 3, 4, 2, 4]","[3626, 7027, 5499, 1323, 3828]",75539,['Картофель'],1,"Здравствуйте, Яндекс Лавку! Я очень недоволен вашей работой! Вы не привезли один картофель из двух, которые я заказал. Я ожидал получить полный заказ, но вместо этого получил только половину товара. Очень разочарован вашим сервисом! Будьте добры, исправьте эту ситуацию немедленно! Я ожидаю полную компенсацию за недоставленный товар!"
удивленный,5,привезли не все товары,False,False,23,женщина,H6Ujca,1,['Хлеб'],[2],[5403],10806,['Хлеб'],1,"Удивленный, не все привезли товары! Заказывал 2 хлеба, а привезли только 1. Что делать? Жду ответа!"
отчаянный,3,привезли не все товары,True,False,34,мужчина,ca3cpT,10,"['Молоко', 'Рыба', 'Хлеб', 'Картофель', 'Огурцы', 'Томаты', 'Чай', 'Сок', 'Кофе', 'Курица']","[3, 2, 3, 4, 2, 2, 2, 3, 4, 3]","[2900, 3072, 2727, 9570, 3912, 8454, 5441, 1998, 3339, 7619]",139126,['Курица'],2,"Здравствуйте, Яндекс Лавка! Я уже отчаян, потому что привезли не все товары. Заказывал 3 курицы, но привезли только 1! Что произошло? Очень надеюсь на вашу помощь. Спасибо заранее!"
уважительный,2,"уточнение, где курьер",False,True,36,женщина,frSoR4,7,"['Чай', 'Картофель', 'Огурцы', 'Курица', 'Хлеб', 'Рыба', 'Кофе']","[4, 2, 3, 2, 3, 4, 3]","[1796, 6584, 2296, 5757, 6492, 8762, 7766]",116576,['Картофель'],1,"Уважаемый курьер,Хочу обратить ваше внимание на проблему с доставкой моего заказа. На данный момент я не имею никакой информации о местонахождении товара, и это вызывает у меня беспокойство. Я надеюсь, что сможете оперативно разрешить данную ситуацию и предоставить мне актуальную информацию о доставке. Спасибо за понимание.С наилучшими пожеланиями,[Твое имя]"
отчаянный,1,испорченный товар,True,False,32,женщина,j5BykN,2,"['Рыба', 'Молоко']","[2, 4]","[7458, 3659]",29552,['Рыба'],1,"Здравствуйте, Яндекс Лавку! У меня огромная проблема! Я только что получил товар, и мне очень грустно... Когда я открыл упаковку, обнаружил испорченную рыбу! Я заказал 2 рыбы, но одна из них испортилась! Как такое могло произойти? Я так нуждался в свежей рыбе! Пожалуйста, помогите мне разобраться в этой ситуации!"
испуганный,5,привезли не все товары,True,True,24,мужчина,R1QOTt,3,"['Томаты', 'Молоко', 'Сок']","[2, 3, 3]","[6824, 3682, 6681]",44737,['Сок'],1,"яндекс лавка, привезли не все товары, я так испуган, заказал 3 со(к), а привезли только 2. помагите пожалуйста"
уважительный,3,испорченный товар,False,True,32,мужчина,AuXoKJ,3,"['Хлеб', 'Курица', 'Кофе']","[3, 4, 4]","[1977, 2821, 3765]",32275,['Кофе'],2,"Добрый день! Я обращаюсь к вам от имени заказа на Яндекс Лавку. Мы получили испорченный кофе. К сожалению, из четырех заказанных пачек две оказались в плохом состоянии. Прошу обратить на это внимание и решить данную проблему. Спасибо за понимание!"
сожалеющий,5,испорченный товар,True,True,33,мужчина,l0cjKQ,2,"['Картофель', 'Чай']","[3, 4]","[7874, 3998]",39614,['Картофель'],1,добрый день я очень сожалеющий но я вынужден пожаловаться на испорченный товар картофель который я получил в вашем магазине я заказал 3 картофель но когда я открыл пакет я увидел что один картофель испорченного. я очень расстроен такой ситуацией и прошу вас помочь мне решить эту проблему буду ждать вашего ответа спасибо.
негативный,30,привезли не все товары,False,False,30,женщина,OuxlRH,1,['Кофе'],[3],[1435],4305,['Кофе'],1,"Здравствуйте, Яндекс Лавку! Я очень разочарована вашей работой. Вы привезли только два кофе, хотя я заказала три! Что произошло? Я ожидала лучшего сервиса от вас. Жду вашего ответа. Спасибо!"
в недоумении,1,испорченный товар,False,False,22,женщина,AsIhZb,1,['Чай'],[4],[8417],33668,['Чай'],3,"Здравствуйте, поддержка Яндекс Лавки! Я в недоумении от качества товара. Я заказал 4 чая, но из них 3 оказались испорченными. Что делать в такой ситуации? Буду очень благодарен за помощь! Спасибо!"
нейтральный,4,привезли не все товары,False,True,24,женщина,p9uRxi,4,"['Кофе', 'Картофель', 'Курица', 'Сок']","[2, 3, 2, 2]","[1438, 1419, 9797, 9962]",46651,['Сок'],2,"яндекс лавка, не привезли сок. где мой сок"
обеспокоенный,30,испорченный товар,True,False,22,мужчина,btvYnL,5,"['Курица', 'Томаты', 'Сок', 'Хлеб', 'Картофель']","[4, 2, 4, 3, 3]","[3357, 7593, 1434, 4005, 8263]",71154,['Хлеб'],2,"Здравствуйте, я обеспокоенным клиентом Яндекс Лавки. Я получил испорченный товар - хлеб. Я заказал 3 хлеба, но 2 из них оказались испорченными. Я очень расстроен этим. Пожалуйста, помогите мне решить эту проблему. Буду ждать вашего ответа."
учтивый,5,испорченный товар,False,True,28,женщина,QGlNpY,1,['Чай'],[2],[5484],10968,['Чай'],1,"Здравствуйте! Недавно заказал 2 чая в Яндекс Лавке, но к сожалению, один из них оказался испорченным. Хотелось бы обратить ваше внимание на эту проблему. Буду признателен, если вы поможете решить эту ситуацию. Спасибо!"
благодарность,15,испорченный товар,True,True,39,мужчина,tgFO90,2,"['Молоко', 'Рыба']","[2, 3]","[1506, 6489]",22479,['Молоко'],1,"Добрый день, Яндекс Лавка! Хочу выразить благодарность за качество товара. Однако, при получении заказа обнаружила испорченное молоко. Я заказала 2 штуки молока, но 1 штука оказалась испорченной. Прошу вас решить эту проблему. Спасибо!"
злой,1,испорченный товар,True,True,33,женщина,PhTVGF,3,"['Хлеб', 'Рыба', 'Курица']","[2, 3, 2]","[9709, 7197, 1605]",44219,['Курица'],1,"яндекс лавка, я очень злой и обиженный на вас! Мне отправили испорченный товар - курицу. Я заказал 2 курицы, а одна из них оказалась испорченной. Я очень разочарован вашим сервисом и требую компенсации. Дайте мне нормальную курицу или верните мне деньги! Я никогда больше не буду покупать у вас и буду рассказывать всем своим друзьям, какой вы плохой магазин! Сколько можно испорченных товаров продавать?! Я очень недоволен!"
сожалеющий,5,"уточнение, где курьер",True,True,37,мужчина,EHDs3S,5,"['Хлеб', 'Сок', 'Курица', 'Чай', 'Рыба']","[2, 4, 2, 3, 2]","[7878, 8915, 4485, 3735, 5068]",81727,['Сок'],1,"Здравствуйте,Обращаюсь с жалобой в связи с доставкой заказанного мной товара. Курьер доставил посылку, однако я пока не имею никакой информации о ее местоположении или о возможных проблемах с доставкой. Жду оперативного решения данной ситуации и надеюсь получить уточненную информацию о моем товаре. Буду благодарен за обратную связь.Спасибо."
испуганный,5,привезли не все товары,True,False,38,мужчина,ADmk92,7,"['Огурцы', 'Молоко', 'Картофель', 'Сок', 'Кофе', 'Томаты', 'Курица']","[4, 2, 3, 3, 4, 2, 3]","[3382, 3422, 1205, 8248, 8258, 7253, 6133]",114668,['Томаты'],2,"Добрый день, Яндекс Лавка! Я очень испуганный, так как не привезли товар. Мне не привезли томаты. Моя радость от заказа пропала. Может быть, они забыли положить томаты в сумку? Я был так рад, когда сделал заказ, и сейчас я в шоке. Почему томаты не привезли? Пожалуйста, скорее разберитесь в этом и исправьте ситуацию! Я очень недоволен. Жду вашего ответа!"
злой,5,привезли не все товары,True,False,22,женщина,mqgWH4,2,"['Огурцы', 'Сок']","[4, 3]","[2997, 5373]",28107,['Сок'],3,"Добрый день, Яндекс Лавка!Неправильно привезли сок! Мне нужен был Сок, а привезли сок другой марки. Очень злой! Мне нужны свежие сок, а не что-то другое. Исправьте это немедленно! Жду ответа. Спасибо!"
Позитивный,30,проблемы с доставкой,True,False,24,женщина,cD9xKy,1,['Молоко'],[4],[2971],11884,['Молоко'],2,"Уважаемая служба доставки, хочу выразить свое недовольство и возникшую проблему с получением товара. Когда я смогу его получить?"
радостный,15,привезли не все товары,False,True,25,женщина,hjpaYy,1,['Курица'],[3],[8891],26673,['Курица'],3,"Привет Яндекс Лавке! Я радостный, но не привезли товар. Мне очень нужна курица! Пожалуйста, помогите решить эту проблему. Благодарю!"
нейтральный,30,привезли не все товары,False,False,36,мужчина,6oM56V,2,"['Молоко', 'Томаты']","[4, 2]","[4575, 6225]",30750,['Молоко'],2,"Здравствуйте, Яндекс Лавка!Обращаюсь к вам с жалобой: привезли не все товары. Я заказал 4 упаковки молока, но их привезли только 2. Прошу разобраться в ситуации и привезти оставшиеся 2 упаковки молока.Благодарю за понимание и оперативное решение проблемы.С уважением,Ваш клиент."
раздраженный,5,испорченный товар,False,True,23,женщина,zfuDWe,3,"['Молоко', 'Курица', 'Чай']","[3, 2, 2]","[5466, 5603, 8580]",44764,['Молоко'],2,"яндекс лавка, не могу пропустить мимо ушей то, что произошло с моими молоками! заказываю 3 пачки, а приходит мне качество на 2 гораздо хуже! что это за отношение к клиентам?!"
раздраженный,5,привезли не все товары,True,True,21,женщина,WNhILz,2,"['Чай', 'Рыба']","[2, 4]","[1871, 5887]",27290,['Рыба'],1,"яндекс лавка!!! привезли не всго рыбы. очень роздражены!!!! надо было 4 рыб, а привезли только 3. что идете делать??? давайте быстрей исправлять!!!"
благодарность,5,привезли не все товары,False,False,23,мужчина,L3g5h8,1,['Огурцы'],[3],[1802],5406,['Огурцы'],3,"Здравствуйте, служба поддержки Яндекс Лавки! Я хотел бы выразить благодарность за ваш сервис, однако у меня возникли некоторые проблемы. К сожалению, мне не привезли огурцы. Буду очень признателен, если вы сможете помочь решить эту ситуацию. Заранее спасибо!"
обеспокоенный,15,привезли не все товары,True,True,35,женщина,8dRf1O,10,"['Рыба', 'Хлеб', 'Молоко', 'Картофель', 'Кофе', 'Сок', 'Курица', 'Томаты', 'Чай', 'Огурцы']","[3, 4, 4, 3, 3, 2, 3, 3, 2, 3]","[6266, 3816, 8441, 1322, 5225, 6168, 7273, 4025, 4196, 4616]",155937,['Томаты'],2,"добрый день. я не получил все заказанные товары. я очень огорчен. заказывал три томата, а привезли только один. почему так? очень надеюсь на вашу помощь и скорое решение этой проблемы. спасибо!"
испуганный,2,"уточнение, где курьер",False,False,32,мужчина,v0MTf4,2,"['Чай', 'Курица']","[3, 2]","[4526, 4189]",21956,['Курица'],1,"Уважаемый,Хочу выразить свое недовольство качеством обслуживания вашей компании. Я заказал товар и до сих пор не получил никакой информации о его нахождении. Курьер говорил, что доставит его сегодня, но до сих пор нет никаких уведомлений. Я очень разочарован и требую немедленного разрешения этой ситуации.С настоящим беспокойством,[Твое имя]"
злой,5,испорченный товар,True,True,40,мужчина,KKVZx9,1,['Кофе'],[2],[3728],7456,['Кофе'],1,"яндекс лавка, я очень зол на вас! Заказываю два кофя, но один кофя пришел испорченый. Это абсолютно неприемлемый, и я очень разочарован. Что вы будете делать об этом? Я жду ответа и надеюсь на вашу помощь!"
в замешательстве,30,привезли не все товары,False,False,35,мужчина,DbNO0F,3,"['Огурцы', 'Картофель', 'Хлеб']","[3, 2, 2]","[3470, 7837, 7962]",42008,['Огурцы'],3,"Здравствуйте, Яндекс Лавка!Я в замешательстве, почему не привезли огурцы. Необходимо исправить ситуацию, так как они были включены в моем заказе из приложения Яндекс Лавки. Большая просьба доставить их в ближайшее время.Спасибо за понимание!"
раздраженный,1,привезли не все товары,False,True,36,женщина,NYXEB0,1,['Курица'],[4],[3328],13312,['Курица'],4,"яндекс лавке, не привезли курочку"
нейтральный,2,привезли не все товары,True,True,32,женщина,lbNqWb,3,"['Курица', 'Томаты', 'Хлеб']","[3, 4, 2]","[8211, 9276, 9262]",80261,['Томаты'],1,"яндекс лавка, мне нужно обратиться к вам. привезли не все товары. я заказал томаты их 4, а привезли только 3. что мне делать? спасибо!"
опасающийся,1,испорченный товар,False,True,31,женщина,9HWHmE,6,"['Хлеб', 'Огурцы', 'Молоко', 'Рыба', 'Картофель', 'Кофе']","[4, 2, 2, 4, 2, 3]","[3252, 9966, 8131, 6157, 8479, 3920]",102548,['Хлеб'],3,"Добрый день!Хочу обратить ваше внимание на недовольство качеством товара. Получила заказанный хлеб, но третья часть товара оказалась испорчена. Всего заказала 4 буханки хлеба, а испорченных оказалось 3. Очень опасаюсь покупать продукты в дальнейшем, если такая ситуация может повториться. С уважением"
в недоумении,4,привезли не все товары,True,False,40,мужчина,a4SM6U,2,"['Курица', 'Хлеб']","[2, 2]","[3992, 8472]",24928,['Курица'],1,"Здравствуйте, я в недоумении! Сегодня сделал заказ в Яндекс Лавке и привезли не все товары. Заказывал 2 курицы, а привезли только 1 курицу. Что происходит? Я расстроен и ожидаю быстрого решения проблемы. Будьте внимательнее в следующий раз! Жду Вашей оперативной реакции. Спасибо."
Позитивный,5,привезли не все товары,False,False,35,женщина,RlEPqF,6,"['Молоко', 'Рыба', 'Томаты', 'Картофель', 'Чай', 'Сок']","[3, 3, 3, 3, 4, 2]","[7823, 8221, 2857, 7640, 6512, 3991]",113653,['Чай'],4,"Добрый день! Я обращаюсь в службу поддержки Яндекс Лавку. У меня возникла проблема, связанная с доставкой товаров. Мне не привезли чай. Я очень разочарован такой ситуацией, но все равно оставлю позитивный отзыв о вашем сервисе. Жду вашего ответа и надеюсь, что ситуация будет исправлена. Спасибо!"
опасающийся,2,привезли не все товары,True,True,40,мужчина,nOJUji,10,"['Огурцы', 'Чай', 'Рыба', 'Курица', 'Картофель', 'Кофе', 'Хлеб', 'Томаты', 'Сок', 'Молоко']","[4, 2, 3, 3, 4, 4, 2, 3, 4, 2]","[4076, 2843, 5801, 7977, 7952, 5036, 1022, 3475, 2385, 9635]",156555,['Чай'],2,"яндекс лавку, я боится, они не привезти чаи. хотеть, чтобы ты решить это быстрый"
испуганный,2,испорченный товар,True,True,19,женщина,p7Bj3o,3,"['Молоко', 'Рыба', 'Сок']","[4, 3, 4]","[9628, 9255, 6653]",92889,['Молоко'],1,"яндекс Лавка, я очень испуганный, у меня проблемы с одним из заказанных товаров. Мне прислали испорченым молоко, я заказал 4 штук молока, но одно молоко испорчено. помогите решить эту проблему."
нейтральный,4,привезли не все товары,True,True,38,мужчина,CQg8Xr,1,['Рыба'],[2],[7981],15962,['Рыба'],2,"Здравствуйте, Яндекс Лавка! Не привезли рыбу. Очень неприятно. Жду вашего ответа. Спасибо!"
уверенный,1,привезли не все товары,True,False,23,женщина,t0wDtP,2,"['Кофе', 'Томаты']","[2, 2]","[7513, 8415]",31856,['Кофе'],2,"Здравствуйте! Я обратился в Яндекс Лавку, чтобы пожаловаться, что не привезли кофе. Я уверен, что заказал его и ждал доставки, но к сожалению, кофе не было в посылке. Будьте добры, решите эту проблему как можно скорее. Благодарю!"
благодарность,2,привезли не все товары,True,True,31,женщина,qN9TiO,1,['Картофель'],[2],[1200],2400,['Картофель'],1,"Письмо в службу поддержки Яндекс Лавки:добрый день яндекс лавка. хочу сказать благодарность вам за мои покупки, но привезли не достаточно товара. заказывала два картофеля, а привезли только один! прошу исправить эту ошибку. спасибо!"
разочарованный,30,испорченный товар,True,False,35,мужчина,8zguPn,2,"['Сок', 'Картофель']","[3, 3]","[1537, 4482]",18057,['Сок'],1,"Дорогая Яндекс Лавка,Я очень разочарована качеством товара, который я заказала у вас. Из трех заказанных мною соков, один оказался испорченным. Это вызывает у меня большое недовольство и неудовлетворение. Я надеялась на хорошее качество продукции, но получила нечто совершенно иное. Очень расстроена этим происшествием.Я прошу вас разобраться в этой ситуации и принять меры, чтобы такая ситуация больше не повторялась. Я ожидаю возмещения стоимости испорченного сока или замену его на свежий товар. Буду благодарна, если вы решите эту проблему в ближайшее время.С уважением,Ваша клиентка."
обеспокоенный,5,привезли не все товары,True,False,38,женщина,oaKA2F,3,"['Чай', 'Сок', 'Кофе']","[4, 2, 4]","[9716, 3937, 2845]",58118,['Кофе'],1,"Добрый день! Я обеспокоен тем, что при доставке моего заказа в Яндекс Лавку не привезли все товары. Заказывал 4 пакета кофе, но привезли только 3. Прошу разобраться с данной ситуацией и привезти недостающий товар как можно скорее. Спасибо!"
нейтральный,15,привезли не все товары,True,False,33,мужчина,usoh7o,2,"['Курица', 'Картофель']","[4, 2]","[5459, 9782]",41400,['Курица'],3,"Здравствуйте! Я обращаюсь к вам с жалобой на работу службы доставки Яндекс Лавки. Вчера я сделал заказ и указал, что хочу купить 4 курицы. Однако, к моему великому сожалению, мне привезли только 1 курицу. Это вызывает некоторое недоверие и разочарование. Я ожидал получить все 4 курицы, чтобы успешно приготовить планируемое блюдо. Прошу вас разобраться в данной ситуации и предоставить мне полный заказ. Благодарю за понимание и оперативное решение проблемы!"
обеспокоенный,2,привезли не все товары,False,False,40,женщина,HgIf2Y,3,"['Огурцы', 'Молоко', 'Чай']","[3, 2, 4]","[9442, 2314, 7915]",64614,['Молоко'],2,"Добрый день! Я обеспокоен тем, что не привезли молоко. Я заказывал молоко, но его не привезли. Пожалуйста, разберитесь в этом и примите необходимые меры. Благодарю!"
нейтральный,30,привезли не все товары,False,False,29,мужчина,R1QHzw,10,"['Кофе', 'Рыба', 'Хлеб', 'Томаты', 'Молоко', 'Сок', 'Огурцы', 'Курица', 'Картофель', 'Чай']","[4, 3, 2, 4, 3, 4, 2, 4, 3, 3]","[2647, 7490, 8563, 1473, 8776, 9933, 2699, 3659, 3756, 4042]",165564,['Томаты'],2,"Добрый день! Я обратился к вам, так как в моем последнем заказе из Яндекс Лавки возникла небольшая проблема. Мне привезли только 2 томата из 4, которые я заказал. Очень надеюсь, что вы сможете помочь решить эту ситуацию. Спасибо!"
благодарность,2,привезли не все товары,False,False,33,мужчина,Fh4UWn,1,['Сок'],[3],[7386],22158,['Сок'],3,"Здравствуйте, Яндекс Лавка! Хочу поблагодарить вас за вашу работу и отличный сервис. Однако, хотелось бы обратить ваше внимание на то, что не привезли сок. Может быть, возникла какая-то ошибка, но я все равно хотел бы получить свой заказ. Буду благодарен, если поможете разобраться в этой ситуации. Спасибо!"
разочарованный,1,привезли не все товары,False,False,21,мужчина,PT9hJk,6,"['Чай', 'Курица', 'Хлеб', 'Молоко', 'Кофе', 'Томаты']","[2, 2, 2, 4, 2, 2]","[5358, 6070, 9612, 4698, 5605, 5197]",82476,['Курица'],1,"Яндекс Лавка, я разочарован! Вы не привезли все товары! Я заказал 2 курицы, а привезли только 1. Как так можно?! Жду решения проблемы!"
требовательный,30,испорченный товар,True,True,20,мужчина,nzFr6i,10,"['Сок', 'Кофе', 'Молоко', 'Огурцы', 'Курица', 'Томаты', 'Хлеб', 'Картофель', 'Чай', 'Рыба']","[3, 3, 2, 3, 2, 4, 2, 4, 4, 4]","[2853, 6640, 3296, 7813, 7116, 7215, 8243, 4063, 8572, 6782]",195756,['Огурцы'],1,"Добрый день, я обращаюсь к вам относительно испорченного товара. Я заказал 3 огурца, но среди них имеется один испорченный. Я требую немедленное решение проблемы и замену этого товара. Быстро и качественно! Жду ответа."
уверенный,30,испорченный товар,True,True,20,женщина,n1Uk8o,1,['Чай'],[4],[9529],38116,['Чай'],3,"Здравствуйте, я хочу сообщить о проблеме с заказанным товаром. Я получил 4 пакета чая, но к моему разочарованию, 3 из них оказались испорченными. Чай, который я заказывал, имеет великолепный вкус и аромат, но эти пакеты обладают неприятным запахом и горьким привкусом. Я разочарован, поскольку являюсь постоянным клиентом Яндекс Лавки и всегда полагался на качество ваших товаров. Прошу вас принять меры по устранению этой проблемы и заменить испорченные пакеты чая. Благодарю вас за понимание. Жду вашего ответа."
отчаянный,3,испорченный товар,False,True,31,мужчина,MIgCDZ,8,"['Рыба', 'Молоко', 'Курица', 'Картофель', 'Кофе', 'Томаты', 'Чай', 'Сок']","[4, 2, 4, 4, 3, 2, 4, 2]","[8588, 9888, 5927, 4583, 6133, 7034, 1440, 7192]",148779,['Молоко'],1,"Здравствуйте, Яндекс Лавка! Очень отчаянно обращаюсь к вам с жалобой на испорченный товар. Я приобрела 2 бутылки молока, одну из которых оказалась испорченной. Прошу вас помочь решить эту проблему. Спасибо!"
фрустрированный,30,"уточнение, где курьер",False,True,39,мужчина,4gpGGG,3,"['Хлеб', 'Огурцы', 'Картофель']","[2, 4, 2]","[4638, 6067, 4741]",43026,['Огурцы'],2,"Уважаемый курьер! Хочу обратиться с жалобой или, скорее, уточнением о моем заказе. Я заказал товар и с нетерпением его жду. Однако возникла некая проблема с доставкой, которую я хотел бы уточнить. Мне необходимо знать, где находится мой товар и почему его доставка затягивается. Будьте добры, сообщите мне информацию о статусе доставки или разрешите возникшую проблему. Большое спасибо за вашу помощь!"
в недоумении,2,испорченный товар,True,True,35,мужчина,mImSwm,2,"['Молоко', 'Хлеб']","[3, 2]","[7222, 8508]",38682,['Молоко'],2,"яндекс лавка, я в недоумении. молоко в испорченном состоянии. заказывала 3 шт, а пришло 2. что делать?"
нейтральный,5,испорченный товар,False,True,33,мужчина,DsTAmH,1,['Молоко'],[3],[5670],17010,['Молоко'],1,"Добрый день!Хочу пожаловаться на искаженный товар. Я приобрела 3 пакета молока, но один из них окозался испорченный. Хотелось бы получить возмещение за одну упаковку молока, которая оказалась некачественной.Спасибо!"
эмпатичный,2,привезли не все товары,True,False,19,мужчина,9ORidG,10,"['Огурцы', 'Рыба', 'Курица', 'Чай', 'Кофе', 'Сок', 'Молоко', 'Картофель', 'Хлеб', 'Томаты']","[2, 4, 3, 4, 4, 3, 4, 3, 3, 2]","[2825, 3126, 7319, 9477, 1530, 2195, 7605, 8315, 3577, 1355]",159530,['Рыба'],4,"Здравствуйте, Яндекс Лавка! Мне очень жаль, но не привезли рыбу. Я очень расстроен и немного обеспокоен этой ситуацией. Надеюсь, что вы сможете разобраться в этом вопросе и решить его. Буду ждать вашего ответа. Спасибо!"
нейтральный,3,испорченный товар,True,False,18,мужчина,ZCGmuN,10,"['Томаты', 'Картофель', 'Сок', 'Молоко', 'Курица', 'Рыба', 'Огурцы', 'Чай', 'Кофе', 'Хлеб']","[4, 3, 4, 3, 3, 4, 2, 4, 2, 4]","[9000, 2359, 2004, 5972, 9047, 1969, 9635, 8981, 7014, 8638]",207800,['Рыба'],1,"Добрый день! Хочу сообщить о проблеме с покупкой в Яндекс Лавке. Купил у вас рыбу, но к сожалению она оказалась испорченной. Я заказал 4 штуки рыбы, но только 1 была испорчена. Просьба разобраться в данной ситуации. Буду благодарен за вашу помощь и решение этого вопроса.Спасибо!"
сожалеющий,15,испорченный товар,True,False,27,мужчина,DtF8Xi,4,"['Курица', 'Хлеб', 'Кофе', 'Картофель']","[2, 2, 4, 4]","[2711, 5415, 1178, 4577]",39272,['Кофе'],1,"Здравствуйте, Яндекс Лавка! Я очень сожалею, но у меня возникла проблема с заказанным товаром. Мне доставили испорченный кофе. Я заказал 4 упаковки, но 1 из них оказалась испорченной. Будьте добры, помогите решить эту ситуацию. Яндекс Лавка всегда была для меня надежным поставщиком качественных товаров, и я очень расстроен этим инцидентом. Благодарю за внимание к моей проблеме!"
разочарованный,30,испорченный товар,True,True,28,мужчина,kZ8uv8,2,"['Курица', 'Сок']","[3, 4]","[6031, 2154]",26709,['Сок'],1,"добрыйя очень разочарована яндекс лавкой. заказала 4 пачки сока, а одна из них пришла испорченная! так нельзя работать! жду ответа и возврата денег за испорченный сок!"
разочарованный,1,"уточнение, где курьер",False,False,38,женщина,bRIVdO,1,['Огурцы'],[4],[9386],37544,['Огурцы'],1,"Здравствуйте,Обращаюсь к вам с жалобой на доставку заказанного мной товара. Курьер, который должен был доставить товар, не явился по указанному адресу. Просьба уточнить местонахождение товара или решить проблему с доставкой.Спасибо."
удивленный,3,испорченный товар,False,False,40,женщина,AaJbGu,3,"['Огурцы', 'Картофель', 'Хлеб']","[2, 4, 4]","[5685, 4338, 8436]",62466,['Хлеб'],3,"Добрый день, Яндекс Лавка! У меня возникло неприятное удивление от качества товара, который я заказал. Я приобрел 4 хлеба, но 3 из них оказались испорченными. Я ожидал получить свежий и вкусный хлеб, но к сожалению, это не произошло. Прошу вас разобраться с этой ситуацией и принять меры, чтобы в будущем такого не повторялось. Спасибо!"
благодарность,30,привезли не все товары,True,False,22,мужчина,aGjDE8,3,"['Томаты', 'Кофе', 'Курица']","[3, 2, 2]","[4946, 1781, 5046]",28492,['Курица'],2,"Здравствуйте, Яндекс Лавка! Очень хочу выразить благодарность за вашу работу. Правда, но привезли заказа с курицей. Я так расстроена! Ждала доставку, но товара не появилось. Прошу принять меры и как можно скорее доставить курицу. Буду ждать вашего ответа. Спасибо заранее!"
отчаянный,30,испорченный товар,True,True,35,мужчина,9aVEy0,1,['Молоко'],[3],[9907],29721,['Молоко'],2,"яндекс лавка, я в шоке!!! заказала 3 МОЛОКА, а они все испорченные! я отчаянная! два МОЛОКА совсем прокисли! что делать?!"
благодарность,5,испорченный товар,True,True,30,женщина,8nBqK6,2,"['Молоко', 'Томаты']","[4, 2]","[3641, 7527]",29618,['Молоко'],1,"добрый день! я хочу поблагодарить вас за вашу работу и качество товаров! я заказывал 4 пачки молока, но к сожалению 1 из них была испорчена. мне очень жаль, но я надеюсь, что вы сможете решить эту проблему. спасибо!"
уверенный,15,"уточнение, где курьер",True,True,31,женщина,8BQH1f,6,"['Хлеб', 'Курица', 'Кофе', 'Сок', 'Картофель', 'Чай']","[3, 4, 2, 4, 3, 3]","[9170, 7203, 7284, 4587, 6532, 9043]",135963,['Хлеб'],2,"Уважаемый отдел доставки,Обращаюсь к вам с жалобой по поводу заказанного мной товара. Меня очень огорчает текущая ситуация и недостаток информации о его местонахождении. Ожидалось, что курьер доставит товар вовремя, однако до сих пор я не получил никаких уведомлений о его доставке. Прошу вас незамедлительно уточнить, где находится мой заказ и решить проблему с доставкой.Спасибо за понимание.С уважением,[Твое имя]"
раздраженный,4,привезли не все товары,False,True,35,женщина,Zmpi54,1,['Чай'],[3],[5252],15756,['Чай'],1,"Здравствуйте, я очень раздражен тем, что вы привезли не весь заказ. Я заказал 3 пакетика чая, а вы привезли только 2. Пожалуйста, проверьте, где остался третий пакетик чая и доставьте его как можно скорее. Спасибо!"
в замешательстве,1,испорченный товар,False,False,27,женщина,ZLOOJb,3,"['Хлеб', 'Огурцы', 'Кофе']","[2, 2, 4]","[2593, 1104, 3477]",21302,['Огурцы'],1,"Добрый день!В замешательстве обращаюсь к вам с жалобой на испорченный товар. Я приобрела 2 огурца, но с одним из них возникли проблемы. Огурец был испорченный, что меня очень расстроило. Я надеюсь на вашу помощь в решении этой ситуации.Спасибо!"
в недоумении,30,привезли не все товары,True,True,21,мужчина,3KT7oO,2,"['Чай', 'Кофе']","[2, 2]","[7988, 9826]",35628,['Чай'],1,"яндекс лавко, почему привезли не все товары? я заказала 2 чая, а привезли только 1! я в недоумении! подумайте пожалуйста, как такое могло случиться. спасибо!"
в замешательстве,2,привезли не все товары,True,False,36,женщина,R4lQ20,6,"['Огурцы', 'Курица', 'Хлеб', 'Сок', 'Картофель', 'Молоко']","[2, 3, 2, 3, 4, 4]","[7163, 1865, 2825, 3638, 1953, 2624]",54793,['Сок'],3,"Яндекс Лавка, я в замешательстве! Не привезли сок. Почему не привезли сок? Что делать? Я очень расстроен. Я хочу сок!"
злой,1,испорченный товар,True,True,29,женщина,WcH8Ms,2,"['Рыба', 'Молоко']","[3, 3]","[5935, 4789]",32172,['Молоко'],2,"яндекс лавка! заказывала 3 МОЛОКО, а пришли два испорченного! что за херь? я злая!!"
в замешательстве,4,испорченный товар,True,False,25,мужчина,zDCt6r,5,"['Сок', 'Курица', 'Огурцы', 'Картофель', 'Молоко']","[3, 2, 3, 4, 4]","[8471, 8789, 8903, 9696, 2694]",119260,['Картофель'],1,"Добрый день! Я обратилась в Вашу службу поддержки, так как испытываю замешательство в связи с приобретенным товаром в Яндекс Лавке. Отмечаю, что купленный товар - картофель - оказался испорченным. Я заказала 4 картофеля, но проблема возникла с одним из них. Просьба принять меры и решить данную ситуацию. Благодарю!"
радостный,15,привезли не все товары,False,False,33,женщина,qi7t3t,2,"['Картофель', 'Огурцы']","[2, 4]","[3379, 2582]",17086,['Картофель'],1,"Добрый день, Яндекс Лавка! Я очень радостный, потому что с вами сотрудничать всегда приятно. Однако, в последнем заказе поставка была не полной. Я заказал 2 картофеля, но привезли только 1. Прошу вас проверить и дополнить заказ. Спасибо!"
негативный,4,испорченный товар,True,True,35,мужчина,dIakiI,2,"['Хлеб', 'Курица']","[3, 4]","[3263, 9868]",49261,['Хлеб'],1,"здравствуйтехочу сообщить вам о проблеме с одним из заказанных товаровя заказал 3 хлеба, но когда получил посылку обнаружил, что один из них испорченя очень расстроен этим и хотел бы получить возможность заменить испорченный хлеб или вернуть деньги за негоспасибо за внимание и надеюсь, что ситуацию можно решить"
нейтральный,1,испорченный товар,False,True,33,мужчина,GM0OWk,2,"['Молоко', 'Чай']","[3, 3]","[2944, 3673]",19851,['Чай'],1,"Здравствуйте, Яндекс Лавка! Чай, который я получил, оказался испорченным. В заказе было 3 чая, но один из них оказался неисправным. Прошу решить эту проблему. Спасибо!"
в недоумении,5,привезли не все товары,True,True,32,мужчина,YOnM7I,6,"['Сок', 'Хлеб', 'Томаты', 'Молоко', 'Картофель', 'Кофе']","[2, 3, 3, 3, 2, 4]","[7326, 4128, 7105, 8741, 9561, 8222]",126584,['Сок'],2,"яндекс лавка, не привезли сок! я в недоумении. сегодня делала заказ, а сок не привезли. очень ждала его доставку. что делать? спасите!"
в недоумении,15,испорченный товар,True,False,22,женщина,hErFoU,4,"['Огурцы', 'Рыба', 'Картофель', 'Кофе']","[3, 4, 3, 4]","[5320, 1078, 7219, 2050]",50129,['Кофе'],3,"Добрый день, Яндекс Лавка! Я снова обращаюсь к вам с жалобой. Недавно я приобрела 4 пакета кофе, однако из них 3 оказались испорченными. Я в полном недоумении! Пожалуйста, примите меры по замене данных товаров. Спасибо большое!"
уверенный,2,испорченный товар,True,False,25,мужчина,dK9jOU,10,"['Сок', 'Курица', 'Рыба', 'Кофе', 'Чай', 'Хлеб', 'Молоко', 'Картофель', 'Огурцы', 'Томаты']","[3, 2, 3, 3, 3, 3, 2, 2, 3, 2]","[2767, 6126, 8494, 7355, 1434, 4142, 7073, 5325, 6579, 8597]",146555,['Чай'],1,"Здравствуйте, Яндекс Лавка!У меня возникла проблема с одним из заказанных товаров - чаем. Мне доставили испорченный чай. Я очень уверен, что по вашей вине, так как упаковка была повреждена и чай покрыт плесенью. Я заказал 3 пачки чая, но только одна из них испорчена.Прошу вас принять меры по данной ситуации и обменять мне испорченный чай на новый. Уверен, что вы найдете решение этой проблемы.Спасибо!"
уважительный,15,"уточнение, где курьер",True,True,22,женщина,vTFPRw,3,"['Сок', 'Курица', 'Молоко']","[3, 4, 2]","[4862, 6190, 5680]",50706,['Молоко'],1,"Уважаемый курьер,Хочу обратиться с жалобой и уточнением по поводу доставки товара. Я не получил никакой информации о местонахождении товара и не знаю, когда он будет доставлен. Прошу вас уточнить, в каком месте находится мой заказ или разрешить проблему с доставкой.Спасибо за понимание.С наилучшими пожеланиями, [Твое Имя]"
эмпатичный,1,проблемы с доставкой,True,True,31,мужчина,29NhJT,5,"['Томаты', 'Молоко', 'Сок', 'Кофе', 'Огурцы']","[4, 4, 3, 3, 3]","[4400, 5174, 1584, 9218, 3596]",81490,['Сок'],2,"Здравствуйте, хочу выразить недовольство доставкой товара, так как он до сих пор не поступил. Что происходит? Я ожидал его уже давно."
обеспокоенный,30,привезли не все товары,False,True,21,мужчина,3MO4oD,3,"['Рыба', 'Молоко', 'Курица']","[4, 4, 4]","[1550, 1742, 6130]",37688,['Рыба'],3,"яндекс лавка, привезли не все товары, я очень обеспокоен(а). заказывал(а) 4 рыбы, а привезли только 1. что происходит? нужно решить проблему! спасибо."
требовательный,4,испорченный товар,True,False,30,мужчина,HSaUOS,3,"['Молоко', 'Курица', 'Сок']","[2, 4, 3]","[8948, 1574, 3864]",35784,['Сок'],1,"Яндекс Лавка, у меня жалоба! Получил испорченный товар! Я требую замену этого сока немедленно! Заказал 3 штуки, а одна из них испорчена! Ужасно разочарован! Жду ответа!"
радостный,15,испорченный товар,True,False,35,женщина,fhrbq7,2,"['Рыба', 'Молоко']","[4, 2]","[6793, 6100]",39372,['Рыба'],2,"Здравствуйте, Яндекс Лавка! Сегодня я получил испорченный товар - рыбу. Какой же я был радостный, когда получил свою долгожданную посылку! Но к моему огорчению, две из четырех заказанных рыб оказались испорченными. Это очень неприятно, ведь я так на них надеялся. Буду очень благодарен, если вы поможете разрешить эту проблему. Заранее спасибо за вашу поддержку! Посмотрите, пожалуйста, что можно сделать с испорченными рыбами. Спасибо!"
уважительный,30,испорченный товар,True,True,23,женщина,pIwHkW,2,"['Картофель', 'Кофе']","[4, 3]","[4872, 8408]",44712,['Картофель'],3,"Добрый день! Я хотел(а) бы пожаловаться на то, что я получил(а) испорченный товар. Вчера я заказал(а) 4 картофеля, но когда я открыл(а) пакет, я обнаружил(а), что 3 из них испорчены. Я очень расстроен(а) этим и ожидал(а) более качественный товар. Я надеюсь, что вы поможете решить эту проблему. Спасибо за ваше внимание. Жду ответа!"
в замешательстве,1,испорченный товар,False,False,27,женщина,ORFtdK,3,"['Хлеб', 'Сок', 'Кофе']","[4, 3, 4]","[1418, 4123, 4945]",37821,['Хлеб'],3,"Здравствуйте, Яндекс Лавка! Я очень в замешательстве и хотел(а) бы обратить ваше внимание на проблему с испорченным товаром. Я заказал(а) 4 хлеба, но с 3-мя из них возникли проблемы. Будьте так любезны(на) разобраться в этой ситуации и предпринять необходимые меры. Благодарю!"
раздраженный,3,проблемы с доставкой,True,True,32,мужчина,KVOeHb,2,"['Картофель', 'Рыба']","[3, 3]","[9688, 1128]",32448,['Рыба'],1,"Здравствуйте! Хочу пожаловаться на проблему с доставкой заказанного товара. Он никак не появляется у меня дома, что происходит?"
радостный,30,привезли не все товары,True,False,36,мужчина,XJrWUv,4,"['Чай', 'Огурцы', 'Хлеб', 'Рыба']","[4, 2, 4, 3]","[1659, 3452, 6464, 9439]",67713,['Рыба'],3,"Здравствуйте, я заказал рыбу в Яндекс Лавку, но её не привезли. Очень радостный был, что решил попробовать вкусную рыбу от Яндекс Лавки, но она так и не появилась. Что происходит? Я очень разочарован. Почему товар не был доставлен? Яндекс Лавка обещала доставить рыбу, а её нет. Надеюсь, что вы сможете разобраться в этой ситуации и привезти мне долгожданную рыбу. Пожалуйста, исправьте эту ошибку как можно скорее. Спасибо заранее за ваше внимание."
испуганный,2,привезли не все товары,False,True,21,мужчина,V37QcD,3,"['Томаты', 'Рыба', 'Молоко']","[4, 2, 3]","[2744, 3031, 2545]",24673,['Рыба'],2,"яндекс лавка, я очень испуганный, не привезли рыбу"
